id,employee_id,department,performance_score,years_with_company,salary
1,75,nec sem duis aliquam convallis nunc proin at turpis a pede posuere nonummy integer non velit donec diam neque vestibulum,60.58974,21,964.33
2,89,id nulla ultrices aliquet maecenas leo odio condimentum id luctus nec molestie sed,42.08236,7,783.87
3,87,tempus semper est quam pharetra magna ac consequat metus sapien ut,62.88493,15,295.67
4,2,vulputate nonummy maecenas tincidunt lacus at velit vivamus vel nulla eget eros elementum,96.06699,8,654.32
5,66,ut nulla sed accumsan felis ut at dolor quis odio consequat varius integer ac leo pellentesque ultrices mattis odio,23.93824,13,360.57
6,92,ac diam cras pellentesque volutpat dui maecenas tristique est et tempus semper est quam pharetra magna ac consequat metus,47.24518,19,932.93
7,80,risus auctor sed tristique in tempus sit amet sem fusce consequat,61.6212,11,777.18
8,88,ac tellus semper interdum mauris ullamcorper purus sit amet nulla quisque arcu libero rutrum ac lobortis vel dapibus at,39.98279,7,338.65
9,83,penatibus et magnis dis parturient montes nascetur ridiculus mus etiam vel augue,10.17497,1,287.15
10,32,convallis nunc proin at turpis a pede posuere nonummy integer non velit,66.23994,21,105.7
11,47,vel accumsan tellus nisi eu orci mauris lacinia sapien quis libero nullam sit,75.64099,18,977.19
12,65,est lacinia nisi venenatis tristique fusce congue diam id ornare imperdiet sapien urna pretium nisl ut volutpat sapien arcu,23.66927,10,101.87
13,65,rutrum rutrum neque aenean auctor gravida sem praesent id massa id nisl venenatis lacinia,32.80045,14,112.04
14,52,quisque erat eros viverra eget congue eget semper rutrum nulla nunc purus phasellus in felis donec semper sapien a libero,33.7294,1,274.22
15,27,ut odio cras mi pede malesuada in imperdiet et commodo vulputate justo in blandit,11.40249,10,110.24
16,55,vivamus tortor duis mattis egestas metus aenean fermentum donec ut mauris eget massa,14.41231,20,912.29
17,97,neque vestibulum eget vulputate ut ultrices vel augue vestibulum ante ipsum primis in faucibus orci luctus,90.28384,27,870.91
18,4,justo lacinia eget tincidunt eget tempus vel pede morbi porttitor lorem id ligula suspendisse,49.6962,16,385.48
19,74,proin at turpis a pede posuere nonummy integer non velit donec,31.53985,29,561.64
20,6,quis tortor id nulla ultrices aliquet maecenas leo odio condimentum id luctus nec molestie sed justo pellentesque viverra,92.25334,13,573.48
21,13,justo nec condimentum neque sapien placerat ante nulla justo aliquam quis turpis eget elit sodales scelerisque mauris sit,44.40355,28,549.67
22,100,lorem ipsum dolor sit amet consectetuer adipiscing elit proin interdum,5.75084,25,839.02
23,80,purus phasellus in felis donec semper sapien a libero nam dui proin leo odio porttitor id consequat in consequat ut,40.0236,4,804.91
24,14,sed justo pellentesque viverra pede ac diam cras pellentesque volutpat dui maecenas tristique est,82.64076,19,470.4
25,76,rutrum nulla nunc purus phasellus in felis donec semper sapien a libero nam dui,71.7977,21,753.64
26,67,orci eget orci vehicula condimentum curabitur in libero ut massa volutpat convallis,5.27348,15,578.57
27,42,vivamus tortor duis mattis egestas metus aenean fermentum donec ut mauris,52.71692,4,285.03
28,31,aenean sit amet justo morbi ut odio cras mi pede malesuada in imperdiet et commodo vulputate justo in blandit ultrices,31.23833,4,636.97
29,9,justo sit amet sapien dignissim vestibulum vestibulum ante ipsum primis in faucibus orci luctus et,61.55742,8,339.24
30,77,in eleifend quam a odio in hac habitasse platea dictumst,92.83722,25,602.4
31,51,nibh ligula nec sem duis aliquam convallis nunc proin at turpis a pede posuere nonummy integer,10.6754,24,679.09
32,54,duis at velit eu est congue elementum in hac habitasse,16.25112,27,913.83
33,37,suspendisse potenti in eleifend quam a odio in hac habitasse platea dictumst maecenas ut,46.39618,14,647.74
34,15,in faucibus orci luctus et ultrices posuere cubilia curae mauris viverra diam,39.97092,19,929.83
35,17,aliquam non mauris morbi non lectus aliquam sit amet diam in magna bibendum,34.52957,10,209.07
36,50,curabitur convallis duis consequat dui nec nisi volutpat eleifend donec ut dolor morbi vel lectus in quam fringilla rhoncus,97.64041,1,926.39
37,10,venenatis non sodales sed tincidunt eu felis fusce posuere felis sed lacus morbi sem mauris,39.27294,26,975.61
38,8,vitae nisl aenean lectus pellentesque eget nunc donec quis orci eget orci,90.89832,28,187.82
39,42,varius nulla facilisi cras non velit nec nisi vulputate nonummy maecenas,35.19597,11,603.98
40,92,habitasse platea dictumst morbi vestibulum velit id pretium iaculis diam erat fermentum justo nec condimentum neque sapien placerat ante,36.51354,14,893.02
41,46,duis faucibus accumsan odio curabitur convallis duis consequat dui nec nisi volutpat eleifend donec ut dolor morbi vel lectus,37.15656,8,430.76
42,9,non sodales sed tincidunt eu felis fusce posuere felis sed lacus morbi sem mauris,50.93857,11,784.15
43,9,integer aliquet massa id lobortis convallis tortor risus dapibus augue vel,39.47787,30,407.57
44,64,ridiculus mus vivamus vestibulum sagittis sapien cum sociis natoque penatibus et,46.03483,10,111.77
45,12,sed interdum venenatis turpis enim blandit mi in porttitor pede justo eu massa donec dapibus duis at velit eu,2.41309,23,150.43
46,6,augue quam sollicitudin vitae consectetuer eget rutrum at lorem integer tincidunt ante vel ipsum praesent blandit,94.59028,16,760.36
47,62,consequat dui nec nisi volutpat eleifend donec ut dolor morbi vel,79.49945,29,752.66
48,13,quam fringilla rhoncus mauris enim leo rhoncus sed vestibulum sit amet cursus id,33.56801,5,602.37
49,49,convallis morbi odio odio elementum eu interdum eu tincidunt in,39.79729,1,252.57
50,26,tortor quis turpis sed ante vivamus tortor duis mattis egestas metus aenean fermentum donec,88.57383,19,822.03
51,18,sapien arcu sed augue aliquam erat volutpat in congue etiam justo etiam pretium iaculis justo,54.16907,20,644.85
52,88,lacinia aenean sit amet justo morbi ut odio cras mi pede malesuada in imperdiet et commodo vulputate justo in blandit,74.72911,18,103.73
53,48,semper sapien a libero nam dui proin leo odio porttitor id,83.011,18,788.03
54,1,dolor quis odio consequat varius integer ac leo pellentesque ultrices mattis,79.00853,10,799.71
55,41,justo pellentesque viverra pede ac diam cras pellentesque volutpat dui maecenas tristique est et tempus semper est quam,92.59286,10,717.07
56,19,amet consectetuer adipiscing elit proin risus praesent lectus vestibulum quam sapien,18.59822,19,110.65
57,20,neque duis bibendum morbi non quam nec dui luctus rutrum nulla tellus in sagittis dui vel nisl duis ac,43.63501,16,904.87
58,97,pellentesque eget nunc donec quis orci eget orci vehicula condimentum,74.38168,21,187.97
59,21,vehicula condimentum curabitur in libero ut massa volutpat convallis morbi odio odio elementum eu interdum eu tincidunt in leo maecenas,94.65679,17,188.27
60,2,malesuada in imperdiet et commodo vulputate justo in blandit ultrices enim lorem ipsum dolor sit,25.94976,22,100.29
61,12,ornare imperdiet sapien urna pretium nisl ut volutpat sapien arcu sed augue aliquam erat volutpat,58.97531,12,688.69
62,53,viverra eget congue eget semper rutrum nulla nunc purus phasellus in felis donec semper sapien a libero nam dui proin,70.83984,11,841.12
63,91,est congue elementum in hac habitasse platea dictumst morbi vestibulum velit id,37.31391,29,275.92
64,57,vitae nisi nam ultrices libero non mattis pulvinar nulla pede ullamcorper augue a suscipit nulla elit,6.66999,4,823.31
65,90,aliquam augue quam sollicitudin vitae consectetuer eget rutrum at lorem integer tincidunt ante vel ipsum praesent blandit lacinia erat vestibulum,19.87173,19,898.28
66,60,maecenas tincidunt lacus at velit vivamus vel nulla eget eros elementum pellentesque quisque,53.41664,26,921.87
67,28,quis lectus suspendisse potenti in eleifend quam a odio in hac habitasse platea dictumst maecenas ut massa quis,26.91859,23,989.67
68,22,semper porta volutpat quam pede lobortis ligula sit amet eleifend pede libero quis orci nullam molestie nibh in lectus pellentesque,40.59547,15,405.08
69,83,eu tincidunt in leo maecenas pulvinar lobortis est phasellus sit amet erat nulla tempus vivamus in felis eu sapien cursus,41.44804,19,746.66
70,87,nulla tellus in sagittis dui vel nisl duis ac nibh fusce lacus purus,38.30147,15,261.95
71,72,convallis eget eleifend luctus ultricies eu nibh quisque id justo sit amet sapien dignissim vestibulum vestibulum ante ipsum,97.78349,25,660.34
72,70,vestibulum ante ipsum primis in faucibus orci luctus et ultrices posuere cubilia curae donec pharetra magna vestibulum aliquet ultrices,40.47216,1,872.94
73,35,nibh in quis justo maecenas rhoncus aliquam lacus morbi quis tortor id nulla ultrices aliquet maecenas leo,19.48268,17,455.73
74,95,id justo sit amet sapien dignissim vestibulum vestibulum ante ipsum primis in faucibus orci luctus et ultrices,89.98724,13,294.93
75,63,primis in faucibus orci luctus et ultrices posuere cubilia curae donec pharetra magna vestibulum aliquet ultrices erat tortor,24.46979,12,896.27
76,5,sapien iaculis congue vivamus metus arcu adipiscing molestie hendrerit at,72.04895,14,568.8
77,31,sem praesent id massa id nisl venenatis lacinia aenean sit amet justo morbi ut,93.58118,28,960.07
78,15,ac enim in tempor turpis nec euismod scelerisque quam turpis adipiscing lorem,36.94363,10,212.08
79,25,quis augue luctus tincidunt nulla mollis molestie lorem quisque ut erat curabitur gravida nisi at nibh in hac,40.15023,23,191.97
80,51,et ultrices posuere cubilia curae donec pharetra magna vestibulum aliquet ultrices erat tortor sollicitudin mi sit,10.91741,1,225.25
81,78,mattis nibh ligula nec sem duis aliquam convallis nunc proin at turpis a pede posuere,29.71561,9,618.0
82,68,arcu adipiscing molestie hendrerit at vulputate vitae nisl aenean lectus,47.86967,15,545.44
83,58,tristique in tempus sit amet sem fusce consequat nulla nisl nunc nisl duis bibendum felis,63.97819,15,114.08
84,90,luctus ultricies eu nibh quisque id justo sit amet sapien dignissim vestibulum vestibulum ante ipsum primis in faucibus orci luctus,10.16432,23,144.03
85,37,augue quam sollicitudin vitae consectetuer eget rutrum at lorem integer tincidunt ante vel ipsum praesent blandit lacinia,83.89162,4,375.17
86,72,mauris enim leo rhoncus sed vestibulum sit amet cursus id turpis integer aliquet massa,94.17284,11,425.92
87,38,mauris enim leo rhoncus sed vestibulum sit amet cursus id turpis integer aliquet massa,36.16303,28,244.23
88,47,vestibulum velit id pretium iaculis diam erat fermentum justo nec,21.06197,28,263.08
89,49,non velit donec diam neque vestibulum eget vulputate ut ultrices vel augue,91.46101,29,377.36
90,58,suscipit ligula in lacus curabitur at ipsum ac tellus semper,33.06846,14,580.67
91,82,justo sit amet sapien dignissim vestibulum vestibulum ante ipsum primis in faucibus orci luctus et ultrices posuere,64.57606,23,285.35
92,85,sed magna at nunc commodo placerat praesent blandit nam nulla integer pede justo lacinia,27.24434,13,779.34
93,48,magna bibendum imperdiet nullam orci pede venenatis non sodales sed tincidunt,30.58137,14,987.87
94,3,quam nec dui luctus rutrum nulla tellus in sagittis dui vel nisl duis,2.16883,9,587.75
95,86,ridiculus mus vivamus vestibulum sagittis sapien cum sociis natoque penatibus,45.56862,9,954.1
96,38,sapien cum sociis natoque penatibus et magnis dis parturient montes nascetur ridiculus mus etiam vel,30.15351,20,230.4
97,16,ante ipsum primis in faucibus orci luctus et ultrices posuere cubilia curae mauris viverra diam vitae quam suspendisse,39.20339,27,809.65
98,64,elit ac nulla sed vel enim sit amet nunc viverra dapibus nulla suscipit,98.74156,11,627.25
99,72,nonummy integer non velit donec diam neque vestibulum eget vulputate ut ultrices vel augue vestibulum ante ipsum primis in faucibus,74.13067,11,224.08
100,67,mus vivamus vestibulum sagittis sapien cum sociis natoque penatibus et magnis dis parturient montes nascetur ridiculus,55.12628,13,315.77
